name;index
Hyatt Place Calgary Airport;0
Hyatt Place Edmonton-West;1
Hyatt Place Prince George;2
Hyatt House Winnipeg-South/Outlet Collection;3
Hyatt Place Moncton / Downtown;4
The Walper Hotel;5
Hyatt Place Birmingham/Hoover;6
Hyatt Place Birmingham/Inverness;7
Hyatt Place Huntsville/Research Park;8
Hyatt Place Tucson-Central;9
Hyatt Place Rogers/Bentonville;10
Hyatt House Colorado Springs;11
Hyatt House Hartford North/Windsor;12
Hyatt House Shelton;13
Hyatt Place Milford / New Haven;14
Hyatt Place Jacksonville Airport;15
Hyatt Place Atlanta Airport-North;16
Hyatt Place Atlanta Airport-South;17
Hyatt Place Atlanta/Alpharetta/North Point Mall;18
Hyatt Place Atlanta/Alpharetta/Windward Parkway;19
Hyatt Place Atlanta/Duluth/Johns Creek;20
Hyatt Place Atlanta/Norcross/Peachtree;21
Hyatt Place Columbus-North;22
Hyatt Place Boise/Towne Square;23
Hyatt House Chicago / Oak Brook;24
Hyatt House Chicago/Naperville/Warrenville;25
Hyatt House Chicago/Schaumburg;26
Hyatt House East Moline / Quad Cities;27
Hyatt Place Bloomington/Normal;28
Hyatt Place Chicago/Hoffman Estates;29
Hyatt Place Chicago/Itasca;30
Hyatt Place Chicago/Lombard/Oak Brook;31
Hyatt Place Chicago/Naperville/Warrenville;32
Hyatt Place Chicago/Schaumburg;33
Hyatt Place East Moline / Quad Cities;34
Hyatt Regency Deerfield;35
Hyatt Regency Lisle near Naperville;36
Hyatt Regency Schaumburg, Chicago;37
Hyatt Place Indianapolis Airport;38
Hyatt Place West Des Moines/Jordan Creek;39
Hyatt Place Kansas City/Lenexa City Center;40
Hyatt Place Kansas City/Overland Park/Convention Center;41
Hyatt Place Kansas City/Overland Park/Metcalf;42
Hyatt Place Topeka;43
Hyatt Regency Wichita;44
Hyatt Place Bowling Green;45
Hyatt Place Cincinnati Airport/Florence;46
Hyatt Place Lexington;47
Hyatt Place Baton Rouge/I-10;48
Hyatt Place Baltimore/BWI Airport;49
Hyatt Place Baltimore/Owings Mills;50
Hyatt Place Detroit/Auburn Hills;51
Hyatt Place Detroit/Livonia;52
Hyatt Place Detroit/Utica;53
Hyatt Place Flint / Grand Blanc;54
Hyatt Place Columbus;55
Hyatt Place Jackson/Ridgeland;56
Hyatt Place St. Louis/Chesterfield;57
Hyatt House Mt. Laurel;58
Hyatt Place Mt. Laurel;59
Hyatt Place Albuquerque Airport;60
Hyatt Place Albuquerque/Uptown;61
Hyatt Regency Albuquerque;62
Hyatt House Charlotte Airport;63
Hyatt House Raleigh / RDU / Brier Creek;64
Hyatt House Raleigh Durham Airport;65
Hyatt Place Charlotte Airport/Lake Pointe;66
Hyatt Place Charlotte Airport/Tyvola Road;67
Hyatt Place Charlotte/Arrowood;68
Hyatt Place Durham/Southpoint;69
Hyatt Place Greensboro;70
Hyatt Place North Raleigh-Midtown;71
Hyatt Place Raleigh / Cary;72
Hyatt Place Raleigh-Durham Airport;73
Hyatt House Minot;74
Hyatt Place Canton;75
Hyatt Place Cincinnati / Sharonville Convention Center;76
Hyatt Place Cincinnati-Northeast;77
Hyatt Place Cincinnati/Blue Ash;78
Hyatt Place Cleveland/Independence;79
Hyatt Place Columbus/Dublin;80
Hyatt Place Columbus/Worthington;81
Hyatt Place Oklahoma City Airport;82
Hyatt Place Oklahoma City-Northwest;83
Hyatt Place Tulsa / Downtown ;84
Hyatt Place Tulsa-South/Medical District;85
Hyatt Regency Tulsa Downtown;86
Hyatt House Philadelphia/Plymouth Meeting;87
Hyatt Place Pittsburgh Airport;88
Hyatt Place Pittsburgh/Cranberry;89
Hyatt Place Columbia/Harbison;90
Hyatt Place Florence / Downtown;91
Hyatt Place Greenville/Haywood;92
Hyatt Place North Charleston;93
Hyatt Place Sumter / Downtown;94
Hyatt Place Memphis/Germantown;95
Hyatt Place Memphis/Primacy Parkway;96
Hyatt Place Memphis/Wolfchase Galleria;97
Hyatt Place Nashville/Hendersonville;98
Hyatt House Dallas/Addison;99
Hyatt House Dallas/Richardson;100
Hyatt House Houston/Energy Corridor;101
Hyatt House Houston/Galleria;102
Hyatt Place Austin Airport;103
Hyatt Place Austin/Round Rock;104
Hyatt Place Dallas / Las Colinas;105
Hyatt Place Dallas / Rockwall;106
Hyatt Place Dallas-North/by the Galleria;107
Hyatt Place Dallas/Allen;108
Hyatt Place Dallas/Garland/Richardson;109
Hyatt Place Dallas/North Arlington/Grand Prairie;110
Hyatt Place Dallas/Park Central;111
Hyatt Place Dallas/Plano;112
Hyatt Place Dallas/The Colony;113
Hyatt Place El Paso Airport;114
Hyatt Place Fort Worth/Cityview;115
Hyatt Place Fort Worth/Hurst;116
Hyatt Place Houston NW Vintage Park;117
Hyatt Place Houston-North;118
Hyatt Place Houston-Northwest / Cy-Fair;119
Hyatt Place Houston/Galleria;120
Hyatt Place Houston/Katy;121
Hyatt Place Houston/Sugar Land;122
Hyatt Place San Antonio Airport/Quarry Market;123
Hyatt Place San Antonio-North/Stone Oak;124
Hyatt Place San Antonio-Northwest/Medical Center;125
Hyatt Regency Houston Intercontinental Airport;126
Hyatt Regency Richardson - Dallas;127
Hyatt House Provo / Pleasant Grove;128
Hyatt Place Provo;129
Hyatt Place Salt Lake City/Farmington/Station Park;130
Hyatt Place Salt Lake City/Lehi;131
Hyatt Place St. George / Convention Center;132
Hyatt House Sterling/Dulles Airport-North;133
Hyatt Place Chantilly/Dulles Airport-South;134
Hyatt Place Chesapeake/Greenbrier;135
Hyatt Place Fredericksburg-Mary Washington;136
Hyatt Place Herndon/Dulles Airport-East;137
Hyatt Place Richmond Airport;138
Hyatt Place Richmond/Arboretum;139
Hyatt Place Richmond/Chester;140
Hyatt Place Richmond/Innsbrook;141
Hyatt Place Roanoke Airport/Valley View Mall;142
Hyatt Place Sterling/Dulles Airport-North;143
Hyatt Regency Dulles;144
Hyatt Place Milwaukee Airport;145
Hyatt Place Milwaukee-West;146
Hyatt Place Macaé;147
Hyatt Place Sao Jose do Rio Preto;148
Hyatt Place Bogota / Convention Center;149
Hyatt Place San Jose/Pinares;150
Hyatt Place San Pedro Sula;151
Hyatt Place Tegucigalpa;152
Hyatt Centric Campestre León;153
Hyatt House Mexico City/Santa Fe;154
Hyatt Place Aguascalientes/Bonaterra;155
Hyatt Place Celaya;156
Hyatt Place Ciudad del Carmen;157
Hyatt Place La Paz;158
Hyatt Place Los Cabos;159
Hyatt Place Saltillo;160
Hyatt Place Tijuana;161
Hyatt Regency Merida;162
Hyatt Regency Villahermosa;163
Hyatt Place Managua;164
Hyatt Place Panama City/Downtown;165
Hyatt Place Yerevan;166
Hyatt Regency Sofia;167
Hyatt House Frankfurt Eschborn;168
Hyatt Place Ekaterinburg;169
Hyatt Regency Ekaterinburg;170
Hyatt Regency Belgrade;171
Story Hotel Signalfabriken, part of JdV by Hyatt;172
Story Hotel Studio Malmo, part of JdV by Hyatt ;173
Hyatt House Gebze;174
Hyatt Centric Sector 17 Chandigarh;175
Hyatt Regency Oryx Doha;176
Hyatt Place Dubai Al Rigga;177
Hyatt Place Dubai Baniyas Square;178
Hyatt Place Dubai Jumeirah;179
Hyatt Regency Chandigarh;180
Hyatt Raipur;181
Hyatt Centric Candolim Goa;182
Hyatt Ahmedabad;183
Hyatt Place Vadodara;184
Hyatt Regency Ahmedabad;185
Hyatt Place Gurgaon Udyog Vihar;186
Hyatt Regency Gurgaon;187
Hyatt Centric MG Road Bangalore;188
Hyatt Place Hampi;189
Grand Hyatt Kochi Bolgatty;190
Hyatt Regency Thrissur;191
Hyatt Place Pune Hinjawadi;192
Hyatt Pune;193
Hyatt Regency Mumbai;194
Hyatt Regency Amritsar;195
Hyatt Regency Ludhiana;196
Hyatt Regency Chennai;197
Park Hyatt Chennai;198
Hyatt Hyderabad Gachibowli;199
Hyatt Place Hyderabad Banjara Hills;200
Hyatt Regency Lucknow;201
Hyatt Regency Kolkata;202
Alila Solo;203
Hyatt Regency Yogyakarta;204
Studios at Alila Seminyak;205
Alila Bangsar Kuala Lumpur;206
Hyatt Regency Kinabalu;207
Hyatt Regency Kuantan Resort;208
Hyatt Place Kathmandu;209
Hyatt Regency Kathmandu;210
Hyatt Regency Dushanbe;211
Hyatt Place Bangkok Sukhumvit;212
Hyatt Regency West Hanoi;213
Grand Hyatt Hefei;214
Grand WUJI Hotel;215
Hyatt House Chengdu Pebble Walk;216
Hyatt House Shanghai Hongqiao CBD;217
Hyatt House Shanghai New Hongqiao;218
Hyatt House Shenzhen Airport;219
Hyatt House Yinchuan Dayuecheng;220
Hyatt Place Beijing Daxing;221
Hyatt Place Changchun Jingyue;222
Hyatt Place Changsha Airport;223
Hyatt Place Changsha Meixihu;224
Hyatt Place Chengdu Pebble Walk;225
Hyatt Place Deqing;226
Hyatt Place Foshan Lishui;227
Hyatt Place Liuzhou;228
Hyatt Place Shanghai Hongqiao CBD;229
Hyatt Place Shanghai New Hongqiao;230
Hyatt Place Shanghai Tianshan Plaza;231
Hyatt Place Shenzhen Airport;232
Hyatt Place Shenzhen Dongmen;233
Hyatt Place Taiyuan Longcheng;234
Hyatt Place Tongxiang Train Station;235
Hyatt Place Yinchuan Dayuecheng;236
Hyatt Place Zhuhai Jinshi;237
Hyatt Regency Changchun;238
Hyatt Regency Chongqing;239
Hyatt Regency Fuzhou Cangshan;240
Hyatt Regency Guangzhou Zengcheng;241
Hyatt Regency Guiyang;242
Hyatt Regency Jinan;243
Hyatt Regency Lanzhou;244
Hyatt Regency Liberation Square Chongqing;245
Hyatt Regency Ningbo Hangzhou Bay;246
Hyatt Regency Shanghai Jiading;247
Hyatt Regency Shenzhen Airport;248
Hyatt Regency Tianjin East;249
Hyatt Regency Wuhan Optics Valley;250
Hyatt Regency Wuxi;251
Hyatt Regency Xiamen Wuyuanwan;252
Hyatt Regency Xuzhou;253
Hyatt Regency Zhenjiang;254
Hyatt Regency Zhuzhou;255
UrCove Chengdu City Center;256
UrCove Hangzhou Riverside CBD;257
UrCove Nanjing Downtown;258
UrCove Nanjing South Railway Station;259
UrCove Shanghai Jing'an;260
UrCove Shanghai Lujiazui EXPO;261
UrCove Shanghai Wujiaochang;262
UrCove Shigatse;263
Hyatt Place Kelowna;0
Hyatt Place Ottawa - West;1
Hyatt Place Toronto/Mississauga Centre;2
Hyatt Regency Birmingham - The Wynfrey Hotel;3
Hyatt Place Fairbanks;4
Hyatt Place Phoenix-North;5
Hyatt Place Phoenix/Chandler-Fashion Center;6
Hyatt Place Phoenix/Gilbert;7
Hyatt Place Phoenix/Mesa;8
Hyatt Place Tempe/Phoenix Airport;9
Hyatt Place Fayetteville / Springdale;10
El Capitan Hotel;11
Hyatt House Cypress/Anaheim;12
Hyatt House Irvine/John Wayne Airport;13
Hyatt Place Bakersfield;14
Hyatt Place Delano;15
Hyatt Place Fresno;16
Hyatt Place Ontario/Rancho Cucamonga;17
Hyatt Place Riverside/Downtown;18
Hyatt Place Sacramento/Rancho Cordova;19
Hyatt Place Sacramento/Roseville;20
Hyatt Place San Diego/Vista-Carlsbad;21
Hyatt Place Vacaville;22
Hyatt Regency Valencia;23
Hyatt House Boulder/Broomfield;24
Hyatt House Denver / Aurora;25
Hyatt House Denver Airport;26
Hyatt House Denver Tech Center;27
Hyatt House Denver/Lakewood at Belmar;28
Hyatt Place Colorado Springs / Downtown;29
Hyatt Place Colorado Springs/Garden of the Gods;30
Hyatt Place Denver / Westminster;31
Hyatt Place Denver Airport;32
Hyatt Place Denver Tech Center;33
Hyatt Place Denver-South/Park Meadows;34
Hyatt Place Denver/Cherry Creek;35
Hyatt Place Peña Station / Denver Airport;36
Hyatt Regency Aurora-Denver Conference Center;37
Hyatt Regency Denver Tech Center;38
Hyatt Regency Greenwich;39
Hyatt House Orlando / International Drive;40
Hyatt House Tampa Airport / Westshore;41
Hyatt Place Fort Lauderdale/Plantation;42
Hyatt Place Fort Myers/at The Forum;43
Hyatt Place Jacksonville / St. Johns Town Center;44
Hyatt Place Lake Mary/Orlando-North;45
Hyatt Place Lakeland Center;46
Hyatt Place Melbourne / Palm Bay;47
Hyatt Place Miami Airport-East;48
Hyatt Place Miami Airport-West/Doral;49
Hyatt Place Orlando / I-Drive / Convention Center;50
Hyatt Place Orlando Airport;51
Hyatt Place Pensacola Airport;52
Hyatt Place Sarasota / Lakewood Ranch;53
Hyatt Place Sarasota/Bradenton Airport;54
Hyatt Place Tampa Airport/Westshore;55
Hyatt Place Tampa Wesley Chapel;56
Hyatt Place Tampa/Busch Gardens;57
Hyatt Place Titusville / Kennedy Space Center;58
Hyatt Regency Jacksonville Riverfront;59
Hyatt House Atlanta / Perimeter Center;60
Hyatt House Atlanta/Cobb Galleria;61
Hyatt Place Atlanta / Perimeter Center;62
Hyatt Place Atlanta/Buckhead;63
Hyatt Place Atlanta/Cobb Galleria;64
Hyatt Place Atlanta/Downtown;65
Hyatt Place Savannah Airport;66
Hyatt Regency Atlanta;67
Hyatt Regency Atlanta Perimeter at Villa Christina;68
Hyatt Regency Suites Atlanta Northwest;69
Hyatt Place Boise/Downtown;70
Hyatt Lodge Oak Brook Chicago;71
Hyatt Place Chicago/Midway Airport;72
Hyatt Place Chicago/O'Hare Airport;73
Hyatt Regency O'Hare Chicago;74
Hyatt Rosemont;75
The Forester a Hyatt Place Hotel;76
Hyatt House Indianapolis / Fishers;77
Hyatt Place Evansville / Downtown;78
Hyatt Place Indianapolis / Carmel;79
Hyatt Place Indianapolis / Fishers;80
Hyatt Place Indianapolis/Keystone;81
Hyatt Regency Indianapolis;82
Hyatt Place Altoona / Des Moines;83
Hyatt Place Des Moines/Downtown;84
Hyatt Place Iowa City Downtown;85
Hyatt Place at Wichita State University;86
Hyatt House Louisville - East;87
Hyatt Place Louisville-East;88
Hyatt Regency Lexington;89
Hotel Revival Baltimore;90
Hyatt Place Baltimore/Inner Harbor;91
Hyatt Place Boston/Braintree;92
Hyatt Place Marlborough / Apex Center;93
Hyatt Place Detroit / Royal Oak;94
Hyatt Place Detroit/Novi;95
Hyatt Place Grand Rapids-South;96
Hyatt Place Lansing – East;97
Hyatt Place Minneapolis Airport-South;98
Hyatt Place Minneapolis/Eden Prairie;99
Hyatt Place St. Paul/Downtown;100
Hyatt Regency Bloomington - Minneapolis;101
Hyatt Regency St. Louis at The Arch;102
The Elms Hotel & Spa;103
Hyatt Place Lincoln/Downtown-Haymarket;104
Hyatt Place Omaha/Downtown-Old Market;105
Hyatt Place Las Vegas;106
Hyatt Place Las Vegas at Silverton Village;107
Hyatt Place Reno-Tahoe Airport;108
Hyatt House Branchburg;109
Hyatt House Bridgewater;110
Hyatt House Parsippany-East;111
Hyatt House Parsippany/Whippany;112
Hyatt Place Fair Lawn/Paramus;113
Hyatt Place Princeton;114
Hyatt Place Secaucus/Meadowlands;115
Hyatt Regency New Brunswick;116
Hyatt Regency Princeton;117
Hyatt Place Santa Fe;118
Hotel Nyack;119
Hyatt House Fishkill/Poughkeepsie;120
Hyatt Place Buffalo/Amherst;121
Hyatt Place Poughkeepsie;122
Hyatt Regency Buffalo / Hotel and Conference Center;123
Hyatt Regency Long Island;124
Hyatt Regency Rochester;125
Hyatt House Charlotte / Rea Farms;126
Hyatt House Charlotte/Center City;127
Hyatt House Raleigh North Hills;128
Hyatt Place Chapel Hill / Southern Village;129
Hyatt Place Charlotte / University Research Park ;130
Hyatt Place Charlotte Downtown;131
Hyatt Place Greensboro / Downtown;132
Hyatt House Columbus OSU / Short – North;133
Hyatt Place Cleveland/Lyndhurst/Legacy Village;134
Hyatt Place Cleveland/Westlake/Crocker Park;135
Hyatt Place Columbus/OSU;136
Hyatt Regency Cincinnati;137
Hyatt Regency Columbus;138
Hyatt House Portland / Beaverton;139
Hyatt Place Eugene / Oakway Center;140
Hyatt House Allentown / Lehigh Valley;141
Hyatt House Philadelphia/King of Prussia;142
Hyatt House Pittsburgh-South Side;143
Hyatt House Pittsburgh/Bloomfield/Shadyside;144
Hyatt Place Allentown / Lehigh Valley;145
Hyatt Place Bethlehem;146
Hyatt Place Philadelphia/King of Prussia;147
Hyatt Place Pittsburgh South/Meadows Racetrack & Casino;148
Hyatt Regency Pittsburgh International Airport;149
Hyatt Place San Juan/Bayamón;150
Hyatt Place Warwick Providence Airport;151
Hyatt Place Charleston Airport/Convention Center;152
Hyatt Place Greenville Downtown;153
Hyatt Regency Greenville;154
Hyatt Place Sioux Falls – South;155
Hyatt House Nashville Airport;156
Hyatt Place Knoxville / Downtown;157
Hyatt Place Murfreesboro;158
Hyatt Place Nashville Airport;159
Hyatt Place Nashville/Brentwood;160
Hyatt Place Nashville/Franklin/Cool Springs;161
Hyatt Place Nashville/Opryland;162
Hyatt House Austin/Arboretum;163
Hyatt House Bryan / College Station;164
Hyatt House Dallas/Frisco;165
Hyatt House Dallas/Las Colinas;166
Hyatt House Dallas/Lincoln Park;167
Hyatt House Dallas/Uptown;168
Hyatt House The Woodlands / Shenandoah;169
Hyatt Place Amarillo - West;170
Hyatt Place Austin / Arboretum – Domain Area;171
Hyatt Place Austin / Cedar Park;172
Hyatt Place Austin / Lake Travis / Four Points;173
Hyatt Place College Station;174
Hyatt Place Corpus Christi;175
Hyatt Place Dallas/Arlington;176
Hyatt Place Dallas/Grapevine;177
Hyatt Place DFW;178
Hyatt Place Fort Worth / Alliance Town Center;179
Hyatt Place Houston / Downtown;180
Hyatt Place Houston/The Woodlands;181
Hyatt Place Lubbock;182
Hyatt Place Waco - South;183
Hyatt Regency DFW International Airport;184
Hyatt Regency Houston;185
Hyatt Regency Houston/Galleria;186
Hyatt House Salt Lake City/Downtown;187
Hyatt House Salt Lake City/Sandy;188
Hyatt Place Moab;189
Hyatt Place Salt Lake City Airport;190
Hyatt Place Salt Lake City/Cottonwood;191
Hyatt Place Salt Lake City/Downtown/The Gateway;192
Hyatt House Herndon/Reston;193
Hyatt House Richmond-West;194
Hyatt Place Blacksburg/University;195
Hyatt Place Charlottesville;196
Hyatt Place Hampton Convention Center;197
Hyatt Place Harrisonburg;198
Hyatt Place Virginia Beach Town Center;199
Hyatt Place Madison / Verona;200
Hyatt Place Milwaukee Downtown;201
Hyatt Regency Green Bay;202
Hyatt Regency Milwaukee;203
Hyatt Place Aruba Airport;204
Hyatt Place Santiago/Vitacura;205
Hyatt Centric San Salvador;206
Hyatt Centric Guatemala City;207
Hyatt Regency Andares Guadalajara;208
Hyatt Centric Montevideo;209
Hyatt House Paris Charles de Gaulle Airport;210
Hyatt Place Paris Charles de Gaulle Airport;211
Hyatt Regency Paris - Charles de Gaulle;212
Hyatt Place Frankfurt Airport;213
Hyatt Regency Thessaloniki;214
Hyatt Regency Malta;215
Hyatt Place Amsterdam Airport;216
Story Hotel Riddargatan, part of JdV by Hyatt;217
Hyatt Centric Levent Istanbul;218
Hyatt Regency Istanbul Ataköy;219
Hyatt Centric Cambridge;220
Hyatt House Manchester;221
Hyatt Place London Heathrow Airport;222
Hyatt Place West London Hayes;223
Hyatt Regency Manchester;224
Hyatt Regency Algiers Airport;225
Hyatt Regency Cairo West;226
Hyatt Place Taghazout Bay;227
Hyatt Regency Cape Town;228
Hyatt Regency Johannesburg;229
Grand Hyatt Amman;230
Andaz Capital Gate, Abu Dhabi;231
Hyatt Place Dubai Wasl District;232
Hyatt Regency Dubai;233
Hyatt Regency Baku;234
Hyatt Regency Phnom Penh;235
Alila Diwa Goa;236
Grand Hyatt Mumbai Hotel & Residences;237
Hyatt Regency Pune & Residences;238
Park Hyatt Hyderabad;239
Alila Manggis;240
Grand Hyatt Bali;241
Hyatt Regency Bali;242
Hyatt Regency Osaka;243
Hyatt Regency Bishkek;244
Hyatt House Kuala Lumpur, Mont Kiara;245
Hyatt Regency Manila, City of Dreams;246
Grand Hyatt Changsha;247
Grand Hyatt Chengdu;248
Grand Hyatt Shenyang;249
Grand Hyatt Xi'an;250
Hyatt Place Chongli;251
Hyatt Place Sanya City Center;252
Hyatt Regency Beijing Shiyuan;253
Hyatt Regency Beijing Wangjing;254
Hyatt Regency Chongming;255
Hyatt Regency Dongguan;256
Hyatt Regency Qingdao;257
Hyatt Regency Shanghai Global Harbor;258
Hyatt Regency Shanghai Songjiang;259
Hyatt Regency Shanghai, Wujiaochang;260
Hyatt Regency Shenzhen Yantian;261
Hyatt Regency Suzhou;262
Hyatt Regency Xi'an;263
Jinmao Hotel Lijiang;264
The Langbo Chengdu;265
Hyatt Place Melbourne, Essendon Fields;266
Hyatt Regency Perth;267
Hyatt Regency Calgary;0
Hyatt Regency Vancouver;1
Spirit Ridge;2
Andaz Ottawa ByWard Market;3
Hyatt Regency Toronto;4
The Anndore House;5
Hyatt House Anchorage;6
Hyatt Place Anchorage-Midtown;7
Hyatt House North Scottsdale;8
Hyatt House Scottsdale/Old Town;9
Hyatt House Tempe / Phoenix / University;10
Hyatt Place Page / Lake Powell;11
Hyatt Place Phoenix / Downtown;12
Hyatt Place Scottsdale - North;13
Hyatt Place Scottsdale/Old Town;14
Hyatt Place Tempe / Phoenix / University;15
Hyatt Regency Phoenix;16
Tempe Mission Palms;17
The Scottsdale Resort at McCormick Ranch;18
Hyatt Centric The Pike Long Beach;19
Hyatt House Davis;20
Hyatt House LA - University Medical Center;21
Hyatt House LAX / Century Blvd;22
Hyatt House Los Angeles/LAX/Manhattan Beach;23
Hyatt House Pleasant Hill;24
Hyatt House San Diego/Sorrento Mesa;25
Hyatt House San Jose / Cupertino;26
Hyatt House San Jose Airport;27
Hyatt House San Ramon;28
Hyatt Palm Springs;29
Hyatt Place at Anaheim Resort/Convention Center;30
Hyatt Place Dublin/Pleasanton;31
Hyatt Place Fremont/Silicon Valley;32
Hyatt Place Glendale / Los Angeles;33
Hyatt Place Los Angeles/LAX/El Segundo;34
Hyatt Place Pasadena;35
Hyatt Place San Jose Airport;36
Hyatt Place San Jose/Downtown;37
Hyatt Place UC Davis;38
Hyatt Regency John Wayne Airport, Newport Beach;39
Hyatt Regency La Jolla at Aventine;40
Hyatt Regency Long Beach;41
Hyatt Regency Los Angeles International Airport;42
Hyatt Regency Mission Bay Spa and Marina;43
Hyatt Regency Newport Beach;44
Hyatt Regency Orange County;45
Hyatt Regency Sacramento;46
Hyatt Regency San Francisco Airport;47
Hyatt Regency Westlake;48
Wild Palms Hotel;49
Grand Hyatt Denver;50
Hyatt Centric Downtown Denver;51
Hyatt House Denver/Downtown;52
Hyatt Place Boulder/Pearl Street;53
Hyatt Place Denver/Downtown;54
Hyatt Regency Denver at Colorado Convention Center;55
Hyatt Place Mohegan Sun;56
Hyatt Place Mystic;57
Hyatt House Washington DC / The Wharf;58
Hyatt Place Washington DC/Georgetown/West End;59
Hyatt Place Washington DC/National Mall;60
Hyatt Place Washington DC/US Capitol;61
Hyatt House Lewes / Rehoboth Beach;62
Hyatt Place Wilmington Riverfront;63
Grand Hyatt Tampa Bay;64
Hyatt House across from Universal Orlando Resort™;65
Hyatt House Fort Lauderdale Airport - South & Cruise Port;66
Hyatt House Miami Airport;67
Hyatt House Tallahassee Capitol - University;68
Hyatt House Tampa Downtown ;69
Hyatt Place across from Universal Orlando Resort™;70
Hyatt Place Boca Raton/Downtown;71
Hyatt Place Coconut Point;72
Hyatt Place Daytona Beach - Oceanfront;73
Hyatt Place Fort Lauderdale Airport - South & Cruise Port;74
Hyatt Place Fort Lauderdale Cruise Port;75
Hyatt Place Orlando/Lake Buena Vista;76
Hyatt Place Sandestin/at Grand Boulevard;77
Hyatt Place St. Petersburg / Downtown;78
Hyatt Place Tampa Downtown;79
Hyatt Place West Palm Beach/Downtown;80
Hyatt Regency Coral Gables;81
Hyatt Regency Grand Cypress;82
Hyatt Regency Miami;83
Hyatt Regency Orlando;84
Hyatt Regency Orlando International Airport;85
Grand Hyatt Atlanta in Buckhead;86
Hyatt Centric Midtown Atlanta;87
Hyatt House Atlanta/Downtown;88
Hyatt Place Athens / Downtown;89
Hyatt Place Atlanta / Centennial Park;90
Hyatt Regency Savannah;91
Hyatt Place Waikiki Beach;92
Ambassador Chicago;93
Hotel Lincoln;94
Hyatt House Chicago / West Loop-Fulton Market;95
Hyatt House Chicago/Evanston;96
Hyatt Place Champaign/Urbana;97
Hyatt Regency Chicago;98
The Talbott Hotel;99
Hyatt House Indianapolis / Downtown;100
Hyatt Place Bloomington;101
Hyatt Place Indianapolis / Downtown;102
Hyatt House New Orleans/Downtown;103
Hyatt Place New Orleans/Convention Center;104
Hyatt Regency New Orleans;105
Hyatt Regency Baltimore Inner Harbor;106
Hyatt Regency Bethesda;107
Hyatt House Boston/Burlington;108
Hyatt House Boston/Waltham;109
Hyatt Place Boston/Medford;110
Hyatt Place Ann Arbor;111
Hyatt Place Grand Rapids/Downtown;112
Hyatt House Rochester / Mayo Clinic Area;113
Hyatt Place Minneapolis/Downtown;114
Hyatt Regency Minneapolis;115
Hyatt Place Biloxi;116
Excalibur;117
Luxor;118
Hyatt House Morristown;119
Hyatt Place Fort Lee / George Washington Bridge;120
Hyatt Regency Morristown;121
Hyatt House Carlsbad;122
Hyatt Regency Tamaya Resort and Spa;123
Hyatt House White Plains;124
Hyatt Place Flushing/LaGuardia Airport;125
Hyatt Place Garden City;126
Hyatt Place Long Island City / New York City;127
Hyatt Place New York/Yonkers;128
Hyatt Place Niagara Falls;129
Hyatt Place Saratoga/Malta;130
Hyatt Regency JFK Airport at Resorts World New York;131
Hyatt Centric SouthPark Charlotte;132
Rizzo Center;133
The Carolina Inn;134
Hyatt Regency Cleveland at The Arcade;135
Hyatt Place Oklahoma City / Bricktown;136
Hyatt House Portland/Downtown;137
Hyatt Place Portland Airport/Cascade Station;138
Hyatt Regency Portland at the Oregon Convention Center;139
Hyatt House San Juan;140
Hyatt Place Manatí;141
Hyatt Place San Juan/City Center;142
Hyatt House Charleston / Mount Pleasant;143
Hyatt Place Columbia/Downtown/The Vista;144
Hyatt Place Mount Pleasant Towne Centre;145
Hyatt House Nashville / Franklin - Cool Springs;146
Hyatt House Nashville at Vanderbilt;147
Grand Hyatt San Antonio River Walk;148
Hyatt House Austin/Downtown;149
Hyatt Place Fort Worth / TCU;150
Hyatt Place Fort Worth Historic Stockyards;151
Hyatt Place San Antonio/Riverwalk;152
Hyatt Regency Dallas;153
Hyatt Regency Frisco - Dallas;154
Hyatt Regency San Antonio Riverwalk;155
tommie Austin;156
Hyatt Centric Arlington;157
Hyatt House Falls Church/Merrifield;158
Hyatt Place Arlington/Courthouse Plaza;159
Hyatt Regency Crystal City at Reagan National Airport;160
Hyatt Regency Reston;161
Quirk Hotel Richmond;162
Hyatt House Seattle/Bellevue;163
Hyatt House Seattle/Redmond;164
Hyatt Regency Lake Washington at Seattle's Southport;165
Hyatt Place Madison/Downtown;166
Hyatt Regency Trinidad;167
Park Hyatt Mendoza;168
Grand Hyatt Rio de Janeiro;169
Grand Hyatt São Paulo;170
Grand Hyatt Bogotá;171
Hyatt Regency Cartagena;172
Movich Casa del Alferez;173
El Convento Boutique Hotel;174
Hotel de la Soledad;175
Hyatt Regency Mexico City;176
Stara Hamburgo;177
Stara San Angel Inn;178
Thompson Playa del Carmen Main House;179
Hyatt Centric San Isidro Lima;180
Grand Hotel Yerevan;181
Andaz Vienna Am Belvedere;182
Hyatt Regency Chantilly;183
Hyatt Regency Mainz;184
The Wellem;185
Grand Hyatt Athens;186
The Excelsior;187
Theoxenia Palace & House Suites;188
Hyatt Centric The Liberties Dublin;189
Hotel de la Ville;190
Hyatt Centric Murano Venice;191
Villa Soligo;192
Alentejo Marmoris Hotel & Spa;193
Hyatt Regency Moscow Petrovsky Park;194
Hyatt Regency Barcelona Tower;195
Wellnesshotel Golf Panorama;196
Grand Hyatt Istanbul;197
Hyatt Place London City East;198
Hyatt Regency Birmingham;199
Langshott Manor;200
Tylney Hall Hotel and Gardens;201
Lazib Inn Resort and Spa;202
Hyatt Regency Addis Ababa;203
Hyatt Regency Casablanca;204
Hyatt Regency Taghazout;205
Hyatt Regency Dar es Salaam, The Kilimanjaro;206
Hyatt Regency Aqaba Ayla;207
O Monot Boutique Hotel;208
Hyatt House Jeddah Sari Street;209
Hyatt Place Riyadh Al Sulaimania;210
Hyatt Regency Dubai Creek Heights;211
Dinamo Hotel Baku;212
Angkor Village Hotel;213
Park Hyatt Siem Reap;214
Andaz Delhi;215
Grand Hyatt Goa;216
The Diwa Club by Alila;217
Hyatt Regency Dharamshala Resort;218
Alila SCBD Jakarta;219
Alila Ubud;220
Grand Hyatt Jakarta;221
Hyatt House Kanazawa;222
Hyatt Regency Tokyo;223
Hyatt Regency Yokohama;224
Cameron Highlands Resort;225
Grand Hyatt Kuala Lumpur;226
Mangala Resort & Spa;227
The Edison George Town, Penang;228
The Majestic Malacca;229
Grand Hyatt Manila;230
Grand Hyatt Incheon;231
Akyra TAS Sukhumvit Bangkok;232
Akyra Thonglor Bangkok;233
Grand Hyatt Erawan Bangkok;234
Hyatt Regency Bangkok Sukhumvit;235
Hyatt Regency Phuket Resort;236
Hyatt Regency Hua Hin;237
Hyatt Regency Tashkent;238
Hyatt Regency Nha Trang;239
Andaz Xiamen;240
BEI Zhaolong Hotel;241
Commune By The Great Wall;242
Grand Hyatt Beijing;243
Grand Hyatt Dalian;244
Grand Hyatt Guangzhou;245
Grand Hyatt Sanya Haitang Bay Resort and Spa;246
Grand Hyatt Shenzhen;247
Hyatt on the Bund, Shanghai;248
Hyatt Regency Hengqin;249
LN Hotel Five, Guangzhou;250
Park Hyatt Suzhou;251
The Lixury Hotel;252
The New Jingli Hotel;253
YiuTeung Mansion;254
Hyatt Regency Hong Kong, Sha Tin;255
Hotel Éclat Taipei;256
Union House Lukang;257
Hyatt Hotel Canberra - A Park Hyatt Hotel;258
Hyatt Regency Brisbane;259
Ovolo The Valley Brisbane;260
Hyatt Regency Saipan;261
Hyatt Residence Club Sedona, Piñon Pointe;0
Andaz San Diego;1
Hotel Avante;2
Hotel De Anza;3
Hyatt House at Anaheim Resort/Convention Center;4
Hyatt House Belmont/Redwood Shores;5
Hyatt House Emeryville/San Francisco Bay Area;6
Hyatt House Pleasanton;7
Hyatt House San Jose/Silicon Valley;8
Hyatt House Santa Clara;9
Hyatt Place Emeryville/San Francisco Bay Area;10
Hyatt Place Santa Barbara;11
Hyatt Place Santa Cruz;12
Hyatt Regency Monterey Hotel and Spa on Del Monte Golf Course;13
Hyatt Regency Santa Clara;14
Hyatt Regency Sonoma Wine Country;15
Manchester Grand Hyatt San Diego;16
Waterfront Hotel;17
Hyatt Place Keystone;18
Stonebridge Inn;19
Grand Hyatt Washington;20
Hyatt Place Washington DC/White House;21
Hyatt Regency Washington on Capitol Hill;22
Hyatt Centric Las Olas Fort Lauderdale;23
Hyatt House Naples/5th Avenue;24
Hyatt Place Delray Beach;25
Hyatt Place Marathon/Florida Keys;26
Hyatt Regency Sarasota;27
The Confidante Miami Beach;28
Andaz Savannah;29
Hyatt House Augusta / Downtown;30
Hyatt Place Augusta;31
Hyatt Centric Waikiki Beach;32
Lahaina Shores Beach Resort;33
Chicago Athletic Association;34
Hyatt Centric Chicago Magnificent Mile;35
Hyatt Centric The Loop Chicago;36
Hyatt House Chicago - Medical / University District;37
Hyatt Place Chicago – Medical / University District;38
Hyatt Place Chicago / Wicker Park;39
Hyatt Place Chicago-South/University Medical Center;40
Hyatt Place Chicago/Downtown-The Loop;41
Hyatt Place Chicago/River North;42
Hyatt Regency McCormick Place;43
Thompson Chicago;44
Hyatt Place South Bend/Mishawaka;45
Hyatt Regency Louisville;46
Hyatt Centric French Quarter New Orleans;47
The Eliza Jane;48
Hyatt Place Portland-Old Port;49
Hyatt Place National Harbor;50
Hyatt Regency Chesapeake Bay Golf Resort, Spa and Marina;51
Hyatt Regency Boston / Cambridge;52
Hyatt Regency Boston Harbor;53
Hyatt Centric Downtown Minneapolis;54
Hotel Kansas City;55
MGM Grand;56
New York-New York Hotel & Casino;57
Park MGM Las Vegas;58
Hyatt House Jersey City;59
Hyatt Regency Jersey City on the Hudson;60
Gild Hall, a Thompson Hotel;61
Hyatt Place Long Island/East End;62
Hyatt Centric Downtown Portland;63
Hyatt Place Pittsburgh-North Shore;64
Hyatt Place State College;65
The Bellevue Hotel;66
Hyatt Regency Grand Reserve Puerto Rico;67
Hyatt Residence Club Dorado, Hacienda del Mar;68
Hyatt House Charleston/Historic District;69
Hyatt Place Charleston/Historic District;70
Hyatt Centric Beale Street Memphis;71
Hyatt Centric The Woodlands;72
Hyatt Place Austin Downtown;73
Hyatt Regency Austin;74
Hyatt Regency Hill Country Resort and Spa;75
Hyatt Place Park City;76
Hyatt Centric Old Town Alexandria;77
Hyatt Regency Tysons Corner Center;78
Quirk Hotel Charlottesville;79
Hyatt House Seattle/Downtown;80
Hyatt Place Seattle/Downtown;81
Hyatt Regency Bellevue on Seattle's Eastside;82
Hyatt Regency Seattle;83
Motif Seattle;84
Hyatt Centric Las Condes Santiago;85
Bolontiku Boutique Hotel and Spa;86
Downtown;87
Hacienda Pena Pobre;88
Hotel Lilla Roberts;89
Hyatt Regency Paris Étoile;90
Hotel Les Bords de Mer;91
Boutique Hotel Villa am Ruhrufer Golf and Spa;92
Grand Hyatt Berlin;93
Hyatt Regency Dusseldorf;94
100 Rizes Seaside Resort;95
Castello Boutique Resort & Spa;96
Wilder Townhouse;97
Hyatt Centric Milan Centrale;98
Park Hotel ai Cappuccini;99
Hotel Da Estrela;100
Pousada Mosteiro de Guimarães;101
Pousada Palacio de Estoi;102
Saint Ten Hotel;103
Arima Hotel;104
Hyatt Regency Hesperia Madrid;105
Hotell Reisen;106
Park Hyatt Istanbul - Macka Palas;107
The Marmara Bodrum;108
Tomtom Suites;109
Hyatt Regency Kiev;110
Culloden Estate and Spa;111
Luton Hoo Hotel, Golf and Spa;112
The Arden Hotel;113
The Fish Hotel;114
The Greenway Hotel & Spa;115
Diamonds Dream of Africa;116
The Cellars-Hohenort;117
The Marine;118
Park Hyatt Zanzibar;119
Hyatt Regency Al Kout Mall;120
Grand Hyatt Muscat;121
Grand Hyatt Doha Hotel & Villas;122
Al Mashreq Boutique Hotel;123
Grand Hyatt Al Khobar Hotel and Residences;124
Hyatt Regency Riyadh Olaya;125
Jabal Omar Hyatt Regency Makkah;126
Grand Hyatt Abu Dhabi Hotel & Residences Emirates Pearl;127
Grand Hyatt Dubai;128
Alila Fort Bishangarh;129
Andaz Bali;130
Park Hyatt Jakarta;131
Grand Hyatt Fukuoka;132
Hyatt Centric Kanazawa;133
Hyatt Regency Naha, Okinawa;134
Hyatt Regency Seragaki Island, Okinawa;135
Hyatt Regency Tokyo Bay;136
THE GENERAL KYOTO Takatsuji Fuyacho;137
Gaya Island Resort;138
Tanjong Jara Resort;139
Anya Resort Tagaytay;140
The Outpost Hotel Sentosa;141
Grand Hyatt Jeju;142
Grand Hyatt Seoul;143
Hotel28 Myeongdong;144
The Sukhothai Bangkok;145
Hyatt Regency Koh Samui;146
Hyatt Regency Danang Resort and Spa;147
Park Hyatt Saigon;148
Andaz Xintiandi, Shanghai;149
Grand Hyatt Hangzhou;150
Grand Hyatt Shanghai;151
Hangzhou Rose Garden Resort & Spa;152
Hotel Éclat Beijing;153
Hyatt Regency Changbaishan;154
Park Hyatt Hangzhou;155
Park Hyatt Ningbo Resort and Spa;156
Hyatt Centric Victoria Harbour Hong Kong;157
Lanson Place Causeway Bay, Hong Kong;158
Grand Hyatt Taipei;159
Grand Hyatt Melbourne;160
The George;161
Hyatt Regency Scottsdale Resort & Spa at Gainey Ranch;0
Andaz Palm Springs;1
Andaz West Hollywood;2
Grand Hyatt at SFO;3
Grand Hyatt San Francisco;4
Hotel Figueroa;5
Hotel Kabuki;6
Hyatt Centric Fisherman's Wharf San Francisco;7
Hyatt Centric Mountain View;8
Hyatt Place San Francisco / Downtown;9
Hyatt Regency Huntington Beach Resort and Spa;10
Hyatt Regency Indian Wells Resort & Spa;11
Hyatt Regency San Francisco;12
Mar Monte Hotel;13
Mission Pacific Hotel;14
Park Central San Francisco;15
The Laurel Inn;16
The Seabird Resort;17
The Shay;18
Lichenhearth, A Destination by Hyatt Residence;19
Park Hyatt Washington D.C.;20
Thompson Washington D.C.;21
Hyatt Place Dewey Beach;22
Hyatt Centric Brickell Miami;23
Hyatt Centric South Beach Miami;24
Hyatt Regency Coconut Point Resort and Spa;25
Hyatt Residence Club Bonita Springs, Coconut Plantation;26
Hyatt Residence Club Key West, Sunset Harbor;27
The Celino South Beach;28
The Pillars Hotel;29
THE PLYMOUTH South Beach;30
Thompson Savannah;31
Hyatt Regency Waikiki Beach Resort and Spa;32
Wailea Ekahi Village, A Destination by Hyatt Residence;33
Wailea Ekolu Village, A Destination by Hyatt Residence;34
Wailea Grand Champions Villas, A Destination by Hyatt Residence;35
The Grady;36
Hyatt Place Ocean City / Oceanfront;37
Hyatt Centric Faneuil Hall Boston;38
Hyatt Place Boston / Seaport District;39
Hyatt Regency Boston;40
Mandalay Bay;41
NoMad Las Vegas;42
The Mirage;43
The Signature at MGM Grand;44
Vdara;45
Andaz Wall Street;46
Grand Hyatt New York;47
HGU New York;48
Hotel 50 Bowery;49
Hyatt Herald Square New York;50
Hyatt House New York/Chelsea;51
Hyatt Place New York / Chelsea;52
Hyatt Place New York City / Times Square;53
Hyatt Place New York/Midtown-South;54
Park South Hotel;55
Parker New York;56
Hyatt Centric Center City Philadelphia;57
Olive Boutique Hotel;58
Wild Dunes Resort;59
Grand Hyatt Nashville;60
Holston House Nashville;61
Hyatt Centric Downtown Nashville;62
Hyatt House Nashville / Downtown - SoBro;63
Hyatt Place Nashville Downtown;64
Grand Hyatt DFW;65
Hyatt Regency Lost Pines Resort and Spa;66
Hyatt Residence Club San Antonio, Wild Oak Ranch;67
The Driskill;68
Thompson San Antonio – Riverwalk;69
Hyatt House Virginia Beach / Oceanfront;70
Grand Hyatt Seattle;71
Hyatt at Olive 8;72
Suncadia Resort;73
Thompson Seattle;74
Itzana Resort & Residences;75
Casa Colonial Beach & Spa;76
Grand Hyatt Baha Mar;77
Correntoso Lake & River Hotel;78
Movich Hotel Cartagena de Indias;79
Andaz Costa Rica Resort at Peninsula Papagayo;80
Tabacon Thermal Resort and Spa;81
The Lodge & Spa at Pico Bonito;82
Brick Hotel;83
Thompson Playa del Carmen Beach House;84
Altstadt Vienna;85
Hotel de Orangerie;86
The Pand Hotel;87
Londa Beach Hotel;88
Hotel Haven;89
Hyatt Centric La Rosiere;90
Hotel des Gouverneurs;91
Château de Fère Hotel & Spa;92
Château Le Cagnard;93
Andaz Munich Schwabinger Tor;94
Hyatt Regency Cologne;95
Ketschauer Hof;96
Park Hyatt Hamburg;97
Schlosshotel Kronberg;98
Mr and Mrs White Paros;99
Rodos Park Suites & Spa;100
Sesa Boutique Hotel;101
Párisi Udvar Hotel Budapest;102
Brooks Hotel;103
Grand Hotel Parker’s;104
Hotel Lord Byron;105
Goldene Rose Karthaus;106
Hotel Bergs;107
Esperanza Resort & Spa;108
Hyatt Regency Amsterdam;109
Opus XVI;110
Quinta da Casa Branca;111
Quinta das Lágrimas;112
Hyatt Regency Sochi;113
Claris Hotel & Spa;114
Hacienda Zorita Wine Hotel & Organic Farm;115
Hotel SOFIA Barcelona;116
Hyatt Centric Gran Via Madrid;117
Bank Hotel;118
Château d’Ouchy;119
Eastwest Hotel;120
Hyatt Regency Zurich Airport The Circle;121
D-Resort Göcek;122
Grove of Narberth;123
Andaz London Liverpool Street;124
Ashdown Park Hotel;125
Homewood;126
Stoke Park;127
The Academy;128
The Grand Hotel;129
Nira Caledonia;130
The Dunstane Houses;131
Hotel Sahrai;132
Diamonds Mequfi Beach Resort;133
The Plettenberg;134
Amani Boutique Hotel Zanzibar;135
Grand Hyatt Kuwait;136
Alila Hinu Bay;137
Park Hyatt Doha;138
Andaz Dubai The Palm;139
Park Hyatt Dubai;140
Alila Seminyak;141
Spa Village Resort Tembok Bali;142
Pangkor Laut Resort;143
Terelj Hotel;144
Andaz Singapore;145
Grand Hyatt Singapore;146
Andaz Seoul Gangnam;147
Park Hyatt Busan;148
Park Hyatt Bangkok;149
Akyra Manor Chiang Mai;150
Nakamanda Resort & Spa;151
Cape Kudu Hotel;152
Aleenta Resort & Spa Hua Hin;153
Cape Fahn Hotel;154
Alila Wuzhen;155
Andaz Shenzhen Bay;156
Muh Shoou Xixi Hotel Hangzhou;157
Park Hyatt Beijing;158
Park Hyatt Changbaishan;159
Park Hyatt Guangzhou;160
Park Hyatt Shanghai;161
Park Hyatt Shenzhen;162
The Mist Hot Spring Hotel;163
The Sukhothai Shanghai;164
Hyatt Regency Hong Kong, Tsim Sha Tsui;165
Grand Hyatt Macau;166
Hyatt Regency Sydney;167
Park Hyatt Melbourne;168
Park Hyatt Auckland;169
Hyatt Regency Guam;170
Trout Point Lodge;0
Park Hyatt Toronto;1
Andaz Scottsdale Resort & Bungalows;2
Royal Palms Resort and Spa;3
1906 Lodge;4
Alila Marea Beach Resort Encinitas;5
Andaz Napa;6
Carmel Valley Ranch;7
Hounds Tooth Inn;8
Hyatt Residence Club Lake Tahoe, Northstar Lodge;9
Park Hyatt Aviara Resort, Golf Club & Spa;10
Resort at Squaw Creek;11
Thompson Hollywood;12
Grand Hyatt Vail;13
Hyatt Residence Club Beaver Creek, Mountain Lodge;14
Hyatt Residence Club Breckenridge, Main Street Station;15
Thompson Denver;16
Chesterfield Hotel Palm Beach;17
Hyatt Centric Key West Resort & Spa;18
Hyatt Regency Clearwater Beach Resort and Spa;19
Hyatt Residence Club Key West, Beach House;20
Hyatt Residence Club Key West, Windward Pointe;21
Lennox Miami Beach;22
Grand Hyatt Kauai Resort & Spa;23
Hyatt Regency Maui Resort and Spa;24
Mauna Lani Point, A Destination by Hyatt Residence;25
Park Hyatt Chicago;26
Wyndhurst Manor & Club;27
Aria;28
Bellagio;29
Delano Las Vegas;30
Hyatt Regency Lake Tahoe Resort, Spa and Casino;31
Andaz 5th Avenue;32
Hyatt Centric 39th & 5th New York;33
Hyatt Centric Times Square New York;34
Hyatt Union Square New York;35
Mirror Lake Inn Resort and Spa;36
The Beekman, a Thompson Hotel;37
Thompson Nashville;38
Thompson Austin;39
Thompson Dallas;40
Keswick Hall;41
Rusty Parrot Lodge & Spa;42
The Reef by CuisinArt;43
Hyatt Regency Aruba Resort Spa and Casino;44
Gaia Riverlodge;45
Matachica Resort & Spa ;46
Casas del XVI;47
Sublime Samana Hotel & Residences;48
Palacio Duhau - Park Hyatt Buenos Aires;49
Ka’ana Resort;50
Hotel Nantipa;51
Hotel Three Sixty;52
Los Altos Resort;53
Andaz Mayakoba Resort Riviera Maya;54
Grand Hyatt Playa del Carmen Resort;55
The Cape, a Thompson Hotel;56
Thompson Zihuatanejo, a Beach Resort;57
Villa Maria Cristina;58
DasPosthotel;59
Grossarler Hof;60
Hotel Goldgasse;61
Park Hyatt Vienna;62
De Witte Lelie;63
The Atlantic Hotel;64
D-Resort Sibenik;65
Hotel Vestibul Palace;66
San Canzian Village & Hotel;67
Pädaste Manor;68
Hôtel Le Cep & Spa Marie De Bourgogne;69
Les Sources de Cheverny;70
Hotel La Roya;71
Tiara Chateau Hotel Mont Royal;72
Grand Powers;73
Hôtel du Louvre;74
Hotel Raphael;75
Hyatt Paris Madeleine;76
Le Pavillon des Lettres;77
Grand Barrail Chateau Hotel & Spa;78
Auberge de Cassagne Spa;79
Hôtel Juana;80
Hôtel la Pérouse;81
Hôtel Le Pigonnet;82
Hyatt Regency Nice Palais de la Méditerranée;83
Le Mas Candille;84
Le Vallon de Valrugues & Spa;85
Les Bories;86
Breidenbacher Hof;87
A77 Suites by Andronis;88
Archipelagos Hotel;89
Aressana Spa Hotel and Suites;90
Liostasi Hotel & Suites;91
MarBella Nido Suite Hotel & Villas;92
Naxian Collection;93
On the Rocks;94
White Coast Pool Suites;95
Il Melograno;96
Praia Art Resort;97
Grand Hotel Angiolieri;98
Babuino 181;99
Hotel D’Inghilterra;100
Hotel De’Ricci;101
Palm Suite;102
Galleria Vik Milano;103
Grand Hotel Victoria Concept and Spa;104
Magna Pars L’ Hotel à Parfum;105
The Gray;106
Villa La Madonna;107
Donna Carmela Resort and Lodges;108
Susafa;109
Villa Neri Resort & Spa;110
Alpin Royal;111
Hotel Regency;112
Villa di Piazzano;113
Villa Mangiacane;114
Byblos Art Hotel Villa Amistà;115
Ca' di Dio;116
Casa Ellul;117
Port Palace Hotel;118
Andaz Amsterdam Prinsengracht;119
Canal House;120
Carmo’s Boutique Hotel;121
Hotel Infante Sagres;122
Hyatt Regency Lisbon;123
Palácio Estoril Hotel, Golf & Wellness;124
Pousada de Lisboa;125
The Lumiares Hotel and Spa;126
Ararat Park Hyatt Moscow;127
Can Ferrereta;128
Hotel Valdepalacios;129
La Torre del Canonigo;130
Sant Francesc Hotel Singular;131
Terra Dominicata;132
The Wittmore;133
Torre del Marques;134
Urso Hotel & Spa;135
Ambassador Zürich;136
Bergwelt Grindelwald - Alpine Design Resort;137
Cordée des Alpes;138
Hotel Schweizerhof Zermatt;139
Ariana Sustainable Luxury Lodge;140
Alexander House Hotel & Utopia Spa;141
Dormy House Hotel;142
DUKES LONDON;143
Flemings Mayfair;144
Great Fosters;145
Great Scotland Yard Hotel;146
Hyatt Regency London - The Churchill;147
Monkey Island Estate;148
Rockliffe Hall;149
St. James’s Hotel and Club;150
The Capital Hotel & Apartments - London;151
The Franklin;152
The Gainsborough Bath Spa;153
Crossbasket Castle;154
Heritage Le Telfair Golf & Wellness Resort;155
The American Colony Hotel;156
Alila Jabal Akhdar;157
Park Hyatt Jeddah – Marina, Club and Spa;158
Park Hyatt Abu Dhabi Hotel and Villas;159
Hyatt Delhi Residences, Aerocity;160
The Raj Palace;161
Hidden Hills Villas;162
Grand Hyatt Tokyo;163
Hinode Hills Niseko Village;164
Hyatt Centric Ginza Tokyo;165
Hyatt Regency Hakone Resort and Spa;166
Hyatt Regency Kyoto;167
Noborioji Hotel Nara;168
The Tokyo Station Hotel;169
The Luang Say Residence;170
Lost Horizon Resort and Spa;171
The Barracks Hotel Sentosa;172
Park Hyatt Seoul;173
The Fortress Resort & Spa;174
Pimalai Resort and Spa;175
Aleenta Resort and Spa Phuket;176
The Racha;177
Twinpalms MontAzure;178
Twinpalms Phuket;179
Cours et Pavillons;180
Elite Spring Villas;181
Park Hyatt Sanya Sunny Bay Resort;182
The Lost Stone Villas & Spa;183
Grand Hyatt Hong Kong;184
Smiths Beach Resort;185
Alila Napa Valley;0
Hyatt Carmel Highlands, Overlooking Big Sur Coast & Highlands Inn, A Hyatt Residence Club;1
Ventana Big Sur an Alila Resort;2
Christiania Condominiums, A Destination by Hyatt Residence;3
Christiania Lodge;4
Hyatt Residence Club at Park Hyatt Beaver Creek;5
Hyatt Residence Club Grand Aspen;6
Montaneros in Vail, A Destination by Hyatt Residence;7
Park Hyatt Beaver Creek Resort and Spa;8
The Landmark, A Destination by Hyatt Residence;9
Vail Residences at Cascade Village;10
Villas at Snowmass Club, A Destination by Hyatt Residence;11
Hyatt Residence Club Sarasota, Siesta Key Beach;12
Andaz Maui at Wailea Resort;13
Hana-Maui Resort;14
Hyatt Residence Club Maui, Kāʻanapali Beach;15
Kaanapali Alii;16
Wailea Elua Village, A Destination by Hyatt Residence;17
Hyatt Residence Club Lake Tahoe, High Sierra Lodge;18
Park Hyatt New York;19
Wentworth Mansion;20
Hyatt Centric Park City;21
The Lodge at Spruce Peak;22
French Coco;23
Park Hyatt St. Kitts Christophe Harbour;24
Kenoa - Exclusive Beach Spa & Resort;25
La Casa Que Canta;26
Las Alamandas Resort;27
Boutique Hotel Alhambra;28
Hotel Excelsior Dubrovnik;29
Columbia Beach Resort;30
Domaine Misincu;31
Grand Hotel du Palais Royal;32
Hôtel L’Hotel;33
Hôtel Relais Christine;34
Hôtel San Régis;35
Le Narcisse Blanc Hôtel & Spa;36
Park Hyatt Paris-Vendôme;37
Château La Chenevière;38
Hôtel du Palais Biarritz;39
Le Clos Saint-Martin Hotel & Spa;40
Les Sources de Caudalie;41
Chateau Eza;42
Domaine de Manville;43
Hotel Crillon-Le-Brave;44
Hôtel Lou Pinet;45
Hôtel Martinez;46
Tiara Miramar Beach Hotel & Spa;47
Elounda Gulf Villas and Suites;48
Gold Suites;49
Mykonos Ammos Hotel;50
Mykonos Riviera Hotel & Spa;51
Hotel Rangá;52
Grand Hotel Cocumella;53
Romeo Hotel;54
Hotel Splendide Royal;55
Margutta 19;56
Villa Spalletti Trivelli;57
Lefay Resort & SPA Lago di Garda;58
Park Hyatt Milan;59
La Villa del Re;60
Sikelia;61
Lefay Resort and Spa Dolomiti;62
Villa Eden – The Leading Park Retreat;63
Hotel Byron;64
Il Salviatino;65
Ca’ Sagredo Hotel;66
Escalus Luxury Suites Verona;67
Hotel Ai Reali;68
Palazzo Sant'Angelo sul Canal Grande;69
Villa Geba;70
The Dylan Amsterdam;71
Quinta Da Comporta;72
7Pines Resort Ibiza;73
Aguas de Ibiza Grand Luxe;74
El Lodge Ski and Spa;75
Nobu Hotel Marbella;76
Alex Lake Zurich;77
Crans Ambassador;78
Grand Hotel Villa Castagnola;79
Park Hyatt Zurich;80
Villa Orselina;81
Foxhill Manor;82
Greywalls Hotel;83
Inverlochy Castle;84
The Nare Hotel;85
Cromlix;86
Hemingways Nairobi;87
Ksar Char-Bagh;88
Bhutan Spirit Sanctuary;89
Alila Villas Uluwatu;90
Viceroy Bali;91
Andaz Tokyo Toranomon Hills;92
Hotel Gajoen Tokyo;93
Park Hyatt Kyoto;94
Park Hyatt Niseko Hanazono;95
Park Hyatt Tokyo;96
Shima Kanko Hotel the Bay Suites;97
Sowaka;98
The Terrace Club at Busena;99
Park Hyatt Maldives Hadahaa;100
Keemala;101
Tongsai Pool Villas;102
Naman Retreat;103
Honor Resort Yun Shu Dali;104
Park Hyatt Sydney;105
Rawah Ranch;0
The Lodge at Kukui’ula;1
Topping Rose House;2
Stein Eriksen Residences;3
The Inn at English Harbour;4
The Trident Hotel;5
The Liming Bequia;6
Point Grace Resort and Spa;7
Sailrock Resort;8
M/Y Kontiki Wayra - Kontiki Expeditions;9
Calala Island;10
Kristiania Lech;11
Severin’s - The Alpine Retreat;12
Villa Orsula Dubrovnik;13
Nimb Hotel;14
Hôtel Le Pashmina Le Refuge;15
Hôtel Le Strato;16
Le Coucou Meribel;17
Le M de Megève;18
Hotel & Spa des Pecheurs;19
Le Pavillon de la Reine & Spa;20
Le Domaine d'Ablon;21
Domaine des Etangs;22
Althoff Hotel Villa Belrose;23
Hotel Belles Rives;24
MUSE Saint-Tropez;25
Boheme Hotel;26
Canaves Oia Boutique Hotel;27
Canaves Oia Epitome;28
Canaves Oia Suites;29
Carpe Diem Santorini;30
Casa del Mar;31
Eagles Villas;32
San Antonio;33
Santorini Secret Suites & Spa;34
St. Nicolas Bay Resort Hotel & Villas;35
Tower Suites Reykjavik;36
The Norman Tel Aviv;37
Casa Angelina;38
Hotel Villa Franca;39
Palazzo Manfredi;40
Eight Hotel Portofino;41
Vista Palazzo Lago di Como;42
Hotel Lungarno;43
Palazzo Vecchietti;44
Centurion Palace;45
Rosapetra Spa Resort;46
Le Grand Bellevue;47
L'Escale Resort Marina & Spa;48
Kasara Niseko Village;49
Sankara Hotel and Spa Yakushima;50
Pacific Resort Aitutaki;51
Eichardt’s Private Hotel;52
